mag_id	pathogen	bai	bsh	spore_former	abx_susceptible	phage_host
# Example functional-role table for real_data_adapter.py. One row per MAG; 0/1 flags.
# Covers the union of ../recipient_abundance.tsv + ../donor_abundance.tsv so it
# pairs with the genome-scale example inputs. Flags come from ANNOTATION, not the
# abundance table (see real_data_adapter.py and this folder's README for evidence
# sources). Lines starting with # are ignored.
#
# --- recipient (present at t=0; hit by the vancomycin course) ---------------
C_difficile_630	1	0	0	1	1	0
E_faecium_Aus0004	0	0	1	0	0	0
K_pneumoniae_HS11286	0	0	0	0	0	1
E_coli_MG1655	0	0	0	0	0	1
# --- donor (delivered as the Day-12 FMT bolus via --donor-abundance) --------
B_thetaiotaomicron_VPI5482	0	0	1	0	0	0
F_prausnitzii_A2165	0	0	0	0	1	0
B_fragilis_NCTC9343	0	0	1	0	0	0
E_rectale_ATCC33656	0	0	0	1	1	0
R_intestinalis_L182	0	0	0	1	1	0
B_longum_NCC2705	0	0	1	0	0	0
R_bromii_L263	0	0	0	1	1	0
Bl_obeum_A2162	0	0	0	1	1	0
A_muciniphila_BAA835	0	0	0	0	0	0
# NOTE: no member here carries the bai operon (7alpha-dehydroxylation), so this
# donor set cannot build the secondary-bile shield on its own -- an honest
# illustration that you annotate by evidence, not by hope. A curative donor
# needs a bai+ effector (e.g. Clostridium scindens / Extibacter muris): its row
# would read  C_scindens_<id>  0  1  0  1  1  0.
