# western_gut -- anaerobic western-diet colonic medium, BiGG/CarveMe namespace
#
# DERIVED FILE -- do not hand-edit.  Regenerate with:
#   python examples/diets/derive_western_gut.py
#
# max_uptake (mmol/gDW/h) is the PUBLISHED dietary flux bound, taken from
# western_diet_gut_carveme.qza in the MICOM media collection
# (github.com/micom-dev/media), which maps the VMH/AGORA western gut diet
# into the BiGG namespace.  Cite:
#   Diener C, Gibbons SM, Resendis-Antonio O.  MICOM: Metagenome-Scale
#   Modeling To Infer Metabolic Interactions in the Gut Microbiota.
#   mSystems 5, e00606-19 (2020).  doi:10.1128/mSystems.00606-19
#
# These bounds are the point of this file.  The median is 0.1 mmol/gDW/h;
# muODE's uniform default Vmax was 10, i.e. 100x too permissive on every one
# of ~90 nutrients at once, which is how GEMs reached 6.5/h (a 6-minute
# doubling).  See muode/qc.py::MAX_PLAUSIBLE_GROWTH.
#
# concentration (mmol/L) = max_uptake * 20 gDW/L * 24 h  -- the pool a flow system of this
# density and residence time sustains.  influx replenishes it at the same
# rate.  Those two constants are assumptions, not measurements: they set the
# size of the pool, NOT how fast a cell may eat from it (max_uptake does).
#
# Anaerobic: o2_e is dropped (see SKIPPED in the derive script).
#
# Fermentation products start at 0 with a BLANK max_uptake (= uncapped), even
# where the source supplies them (it gives acetate, formate and H2 a dietary
# flux).  They must be PREDICTED, not assumed -- seeding 48 mM acetate would
# make SCFA production unfalsifiable -- and cross-feeding on them must be
# governed by the cell's kinetics, not by a dietary ceiling.
#
# Trace minerals and vitamins are ADDED (see SUPPLEMENT in the derive script):
# the source is a dietary-intake table and itemises food, not the ubiquitous
# trace nutrients.  These are a modelling addition, not a measurement.
#
# The `source` column says WHERE EACH NUMBER CAME FROM, because they are not
# equally trustworthy and the file used to hide that:
#   intake         a dietary flux from the published table.  Evidence.
#   source_default 0.1 in the table -- which is also its fill value for
#                  anything the intake data did not itemise.  The two are
#                  INDISTINGUISHABLE.  Read as 'unknown', not as 'measured'.
#   supplement     added here at the median: trace MINERALS, catalytic, no C or N.
#   derived        added here, arithmetic in the script.  Carries C or N.
#   dri            a vitamin/cofactor, bounded by its dietary reference intake
#                  (IOM 1998).  These used to sit at 0.1 -- which made cobalamin
#                  the largest CARBON source in the medium.  See DRI in the script.
#   override       in the table, and we replaced it (methanol).
#   product        must be PREDICTED: starts at 0, uncapped.
# A result that turns on a source_default row turns on someone else's fill
# value.  Now you can grep for that.
metabolite,concentration,influx,max_uptake,source
26dap__M_e,48,0.1,0.1,source_default
4abz_e,48,0.1,0.1,source_default
4hbz_e,48,0.1,0.1,source_default
acgam_e,48,0.1,0.1,source_default
acmana_e,48,0.1,0.1,source_default
acnam_e,48,0.1,0.1,source_default
ade_e,48,0.1,0.1,source_default
adn_e,48,0.1,0.1,source_default
ala__D_e,48,0.1,0.1,source_default
ala__L_e,48,0.1,0.1,source_default
amp_e,48,0.1,0.1,source_default
amylose300_e,0.048,0.0001,0.0001,intake
arab__D_e,48,0.1,0.1,source_default
arab__L_e,8.58158,0.0178783,0.0178783,intake
arg__L_e,7.2,0.015,0.015,intake
asn__L_e,10.8,0.0225,0.0225,intake
asp__L_e,10.8,0.0225,0.0225,intake
ca2_e,48,0.1,0.1,source_default
cellb_e,35.7566,0.074493,0.074493,intake
cgly_e,48,0.1,0.1,source_default
chol_e,5.27983,0.0109996,0.0109996,dri
cit_e,48,0.1,0.1,source_default
cl_e,48,0.1,0.1,source_default
cobalt2_e,48,0.1,0.1,source_default
csn_e,48,0.1,0.1,source_default
cu2_e,48,0.1,0.1,source_default
cys__L_e,48,0.1,0.1,source_default
cytd_e,48,0.1,0.1,source_default
dad_2_e,48,0.1,0.1,source_default
dcyt_e,48,0.1,0.1,source_default
ddca_e,48,0.1,0.1,source_default
dgsn_e,48,0.1,0.1,source_default
drib_e,8.58158,0.0178783,0.0178783,intake
fe2_e,48,0.1,0.1,source_default
fe3_e,48,0.1,0.1,source_default
fol_e,0.000906208,1.88793e-06,1.88793e-06,dri
fru_e,7.15133,0.0148986,0.0148986,intake
fuc__L_e,7.15133,0.0148986,0.0148986,intake
fum_e,48,0.1,0.1,source_default
gal_e,7.15133,0.0148986,0.0148986,intake
gam_e,48,0.1,0.1,source_default
glcn_e,7.15133,0.0148986,0.0148986,intake
gln__L_e,8.64,0.018,0.018,intake
glu__L_e,8.64,0.018,0.018,intake
gly_e,21.6,0.045,0.045,intake
glyc3p_e,48,0.1,0.1,source_default
glyc_e,86.3834,0.179966,0.179966,intake
gsn_e,48,0.1,0.1,source_default
gthox_e,48,0.1,0.1,source_default
gthrd_e,48,0.1,0.1,source_default
gua_e,48,0.1,0.1,source_default
h2o_e,4800,10,10,intake
h_e,48,0.1,0.1,source_default
hdca_e,19.0258,0.0396371,0.0396371,intake
his__L_e,7.2,0.015,0.015,intake
hxan_e,48,0.1,0.1,source_default
ile__L_e,7.2,0.015,0.015,intake
k_e,48,0.1,0.1,source_default
lcts_e,3.57566,0.0074493,0.0074493,intake
leu__L_e,7.2,0.015,0.015,intake
lmn30_e,0.225694,0.000470195,0.000470195,intake
lys__L_e,7.2,0.015,0.015,intake
malt_e,3.57566,0.0074493,0.0074493,intake
man_e,7.15133,0.0148986,0.0148986,intake
melib_e,3.57566,0.0074493,0.0074493,intake
meoh_e,18.24,0.038,0.038,override
met__L_e,8.64,0.018,0.018,intake
mg2_e,48,0.1,0.1,source_default
mn2_e,48,0.1,0.1,source_default
mnl_e,7.15133,0.0148986,0.0148986,intake
mobd_e,48,0.1,0.1,source_default
nac_e,0.0649825,0.00013538,0.00013538,dri
ncam_e,0.065504,0.000136467,0.000136467,dri
nmn_e,48,0.1,0.1,source_default
no2_e,0.0326016,6.792e-05,6.792e-05,dri
ocdca_e,8.12558,0.0169283,0.0169283,intake
ocdcea_e,32.7094,0.0681445,0.0681445,intake
orn_e,48,0.1,0.1,source_default
oxa_e,21.4539,0.0446957,0.0446957,intake
phe__L_e,48,0.1,0.1,source_default
pheme_e,0.0340633,7.09651e-05,7.09651e-05,dri
pi_e,48,0.1,0.1,source_default
pnto__R_e,0.0228071,4.75148e-05,4.75148e-05,dri
pro__L_e,8.64,0.018,0.018,intake
ptrc_e,48,0.1,0.1,source_default
pullulan1200_e,0.048,0.0001,0.0001,intake
pydam_e,0.00257447,5.36348e-06,5.36348e-06,dri
pydx_e,0.00259033,5.39653e-06,5.39653e-06,dri
pydxn_e,0.0025594,5.33209e-06,5.33209e-06,dri
raffin_e,2.25693,0.00470194,0.00470194,intake
rib__D_e,8.58158,0.0178783,0.0178783,intake
ribflv_e,0.00345414,7.19612e-06,7.19612e-06,dri
rmn_e,7.15133,0.0148986,0.0148986,intake
ser__L_e,48,0.1,0.1,source_default
so4_e,48,0.1,0.1,source_default
spmd_e,48,0.1,0.1,source_default
starch1200_e,0.048,0.0001,0.0001,intake
sucr_e,3.57566,0.0074493,0.0074493,intake
thm_e,0.00452216,9.42116e-06,9.42116e-06,dri
thr__L_e,10.8,0.0225,0.0225,intake
thymd_e,48,0.1,0.1,source_default
tre_e,35.7566,0.074493,0.074493,intake
trp__L_e,3.92736,0.008182,0.008182,intake
ttdca_e,3.29645,0.0068676,0.0068676,intake
tyr__L_e,48,0.1,0.1,source_default
ura_e,48,0.1,0.1,source_default
uri_e,48,0.1,0.1,source_default
val__L_e,8.64,0.018,0.018,intake
xan_e,48,0.1,0.1,source_default
xyl__D_e,8.58158,0.0178783,0.0178783,intake
zn2_e,48,0.1,0.1,source_default
adocbl_e,1.51939e-06,3.1654e-09,3.1654e-09,dri
btn_e,0.000122795,2.55823e-07,2.55823e-07,dri
na1_e,48,0.1,0.1,supplement
ni2_e,48,0.1,0.1,supplement
sel_e,48,0.1,0.1,supplement
slnt_e,48,0.1,0.1,supplement
tungs_e,48,0.1,0.1,supplement
urea_e,58.2751,0.121406,0.121406,derived
xylan4_e,3.7843,0.00788395,0.00788395,derived
xylan8_e,1.89215,0.00394197,0.00394197,derived
ac_e,0.0,0.0,,product
but_e,0.0,0.0,,product
ppa_e,0.0,0.0,,product
lac__L_e,0.0,0.0,,product
lac__D_e,0.0,0.0,,product
succ_e,0.0,0.0,,product
for_e,0.0,0.0,,product
etoh_e,0.0,0.0,,product
h2_e,0.0,0.0,,product
ch4_e,0.0,0.0,,product
co2_e,0.0,0.0,,product
nh4_e,0.0,0.0,,product
indole_e,0.0,0.0,,product
h2s_e,0.0,0.0,,product
2obut_e,0.0,0.0,,product
