# Per-organism kingdom / oxygen traits (a side file; the abundance.tsv stays a
# plain 2-column mag_id<TAB>rel_abundance contract).
# domain : bacteria | archaea | fungus | eukaryote | virus
#   fungus    -> MetaEuk + CarveFungi   (needs euk_ref_db)
#   eukaryote -> MetaEuk + eggNOG/ModelSEEDpy, experimental (needs euk_ref_db)
# oxygen : obligate_anaerobe | aerotolerant | facultative | obligate_aerobe
mag_id	domain	oxygen
B_thetaiotaomicron	bacteria	obligate_anaerobe
C_albicans	fungus	facultative
K_pneumoniae	bacteria	facultative
